titre,vues,date_sortie
Copiapó Bande-annonce VF,863,2025-04-23
Le temps des ogres Bande-annonce VF,284,2025-04-23
Un Pas de Côté Teaser VF,1407,2025-04-23
Familia Bande-annonce VO STFR,51236,2025-04-23
Un médecin pour la paix Bande-annonce VO STFR,1444,2025-04-23
Simón de la montaña Bande-annonce VO STFR,79324,2025-04-23
The Gazer Bande-annonce VO STFR,73446,2025-04-23
Alterlove Bande-annonce VF,2761,2025-04-23
Le Clan des bêtes Bande-annonce VO STFR,69935,2025-04-23
Mexico 86 Bande-annonce VO STFR,3267,2025-04-23
La Chambre de Mariana Bande-annonce VO STFR,42076,2025-04-23
Until Dawn : La mort sans fin Bande-annonce VO STFR,10363,2025-04-23
Des jours meilleurs Bande-annonce VF,32700,2025-04-23
Ne Zha 2 Bande-annonce VO STFR,36402,2025-04-23
Drop Game Bande-annonce VO STFR,12909,2025-04-23
Promesse Bande-annonce VF,15371,2025-04-23
L'Amour c'est surcoté Bande-annonce,190046,2025-04-23
La Légende d'Ochi Bande-annonce VO STFR,194560,2025-04-23
